Mes;T;TM;Tm_1;R;H;DR;DN;DT;DF;DH;DD;I;Codigo
Enero;4.9;8.7;1.2;75;83;10.4;2.8;0.1;5.4;12.1;1.6;83;01
Febrero;5.7;10.3;1.1;63;79;9.5;3.4;0.2;4.7;11.5;1.7;108;01
Marzo;8.2;13.7;2.7;63;72;8.4;1.6;0.8;3.5;7.3;2.5;148;01
Abril;9.8;15.4;4.1;73;72;11.2;0.9;2.1;3;2.9;2;163;01
Mayo;13.3;19.3;7.2;70;71;9.2;0.1;4.5;2.9;0.4;1.4;196;01
Junio;16.6;23;10.2;43;70;6;0;3.9;3.4;0;2.7;218;01
Julio;19;25.7;12.3;38;70;4.1;0;3.6;3.3;0;3.9;244;01
Agosto;19.2;25.9;12.5;39;70;4.6;0;3.5;4.7;0;2.7;226;01
Septiembre;16.6;23.1;10.1;41;72;6.3;0;2;6.1;0;3;178;01
Octubre;12.9;18.3;7.5;71;77;9.3;0;1;6.2;0.7;1.7;144;01
Noviembre;8.2;12.4;4;91;82;10.5;0.9;0.4;5.3;4.8;1.5;92;01
Diciembre;5.5;9.1;1.9;82;84;10.5;1.7;0.4;5;9.8;1.5;75;01
Año;11.7;17.1;6.2;742;75;99.3;11.4;22.7;53.6;49.4;25.8;1886;01
Enero;5.2;10.5;-0.2;21;77;4.1;0.9;0.1;6.2;16.5;7.3;153;02
Febrero;6.8;12.5;1;25;71;4.6;1.4;0.1;4;11.2;6.3;165;02
Marzo;9.8;16.3;3.3;27;63;4.7;0.6;0.5;2.3;4.9;6.7;217;02
Abril;11.9;18.4;5.4;40;60;5.9;0.2;1.6;1.2;1.2;5.8;241;02
Mayo;16.1;22.8;9.2;43;55;6;0;3.1;0.8;0.1;4.6;271;02
Junio;21.4;29.1;13.8;35;49;3.4;0;3.2;0.6;0;8.9;318;02
Julio;25;33.2;16.9;9;44;1;0;2.2;0.2;0;16.5;358;02
Agosto;24.6;32.3;16.8;11;49;1.5;0;2.9;0.7;0;13.4;324;02
Septiembre;20.3;27;13.5;34;59;3.7;0;3.5;2.2;0;7;253;02
Octubre;14.8;20.6;8.9;42;70;5.3;0;1.7;4;0.2;5.6;201;02
Noviembre;9.2;14.5;4;34;76;5.1;0.4;0.2;4.2;5.4;5.4;152;02
Diciembre;6;10.9;1.2;31;80;5.2;0.6;0.2;6.3;12.9;5.6;134;02
Año;14.3;20.7;7.8;353;63;50.4;4.3;19;32.5;52.3;94.5;;02
Enero;11.7;17;6.3;23;67;3.6;0;0.2;0.2;0.4;8;181;03
Febrero;12.3;17.6;7.1;22;66;3;0;0.4;0.5;0.3;6.1;180;03
Marzo;14.2;19.6;8.9;23;65;3.4;0;0.4;0.6;0;6.5;227;03
Abril;16.1;21.3;10.9;29;63;4.1;0;1.6;0.2;0;5.5;247;03
Mayo;19.1;24.1;14.1;28;64;4;0;2.3;0;0;5.4;277;03
Junio;22.9;27.8;18.1;12;63;1.8;0;1.5;0;0;9.9;302;03
Julio;25.5;30.3;20.7;4;65;0.6;0;0.7;0.1;0;15.2;330;03
Agosto;26;30.8;21.2;7;67;1.1;0;1.1;0;0;12.7;304;03
Septiembre;23.5;28.5;18.5;56;69;3.3;0;2.7;0.1;0;6.5;250;03
Octubre;19.7;24.9;14.5;47;70;4.5;0;2.1;0.1;0;5.4;217;03
Noviembre;15.4;20.5;10.3;36;69;4.2;0;0.5;0.1;0;5.7;173;03
Diciembre;12.6;17.7;7.4;25;68;3.8;0;0.4;0;0.1;7;164;03
Año;18.3;23.3;13.2;311;66;37.5;0;13.8;1.9;0.9;95.2;2851;03
Enero;12.6;16.9;8.3;24;67;2.9;0;0.5;1;0;7.1;194;04
Febrero;13.3;17.6;9;25;67;2.9;0;0.5;1.3;0;6.1;191;04
Marzo;15.1;19.6;10.6;16;65;2.6;0;0.3;1.5;0;5.7;232;04
Abril;17;21.4;12.5;17;62;2.6;0;0.6;0.6;0;6.1;261;04
Mayo;19.7;24.1;15.3;12;63;1.9;0;0.5;1;0;6.9;297;04
Junio;23.5;27.9;18.9;5;61;0.6;0;0.6;0.4;0;13.1;325;04
Julio;26.1;30.5;21.7;1;60;0.3;0;0.5;0.4;0;19;342;04
Agosto;26.7;31;22.4;1;63;0.3;0;0.6;0.4;0;15;315;04
Septiembre;24.2;28.4;20;14;65;1.5;0;1.1;0.5;0;9.3;256;04
Octubre;20.4;24.5;16.3;27;68;2.8;0;1;0.9;0;5.4;218;04
Noviembre;16.4;20.5;12.3;28;67;3.6;0;0.9;0.5;0;5.4;183;04
Diciembre;13.8;17.9;9.6;30;67;3.3;0;0.5;0.5;0;6.2;178;04
Año;19.1;23.4;14.7;200;65;25.4;0;7.4;8.9;0;108;2994;04
Enero;3;7.6;-1.6;34;78;5.9;4.5;0.1;4.5;20.1;5.4;133;05
Febrero;4.3;9.4;-0.8;24;72;5;4.3;0.1;2.3;16.4;5.1;154;05
Marzo;6.7;12.6;0.8;23;63;4.2;2.3;0.3;1.5;12.6;6.8;212;05
Abril;8.5;14.3;2.7;40;63;7.8;2.2;0.8;1.2;6.6;4.4;223;05
Mayo;12.5;18.5;6.4;55;59;9;0.4;2.1;1;1.7;3.4;253;05
Junio;17.4;24.6;10.2;33;51;4.7;0;2.6;0.6;0.1;7.9;312;05
Julio;20.6;28.5;12.6;12;43;1.9;0;1.9;0.3;0;15;353;05
Agosto;20.2;27.9;12.4;19;45;2.6;0;2;0.3;0;12;322;05
Septiembre;16.5;23.4;9.6;30;56;4.4;0;1.4;0.7;0.3;7.9;244;05
Octubre;11.4;16.9;5.9;53;69;7.6;0.1;0.4;1.3;1.7;4.9;182;05
Noviembre;6.4;11.2;1.7;48;78;7.1;1.9;0.1;3.4;11.5;4.3;131;05
Diciembre;4;8.4;-0.4;42;79;6.7;3.2;0;4.1;16.3;4.6;117;05
Año;11;17;5;416;63;66.9;20.2;11.7;22.1;87.5;;;05
Enero;8.6;14;3.3;50;79;6.6;0.1;0.1;10;8.1;6.7;146;06
Febrero;10.3;16.1;4.5;42;74;6;0.1;0.4;6.2;3.9;6.1;163;06
Marzo;13.3;20.1;6.6;30;65;4.9;0;0.6;2.7;0.8;7.8;226;06
Abril;15.1;21.6;8.7;49;64;7;0;1.9;1.2;0;5.4;244;06
Mayo;18.7;25.7;11.6;36;58;5.6;0;2.4;0.8;0;6.2;292;06
Junio;23.4;31.4;15.5;14;52;2.2;0;1.4;0.2;0;10.8;335;06
Julio;26.1;34.8;17.3;4;48;0.5;0;0.9;0.1;0;20;376;06
Agosto;25.9;34.5;17.3;5;49;0.7;0;0.9;0;0;17;342;06
Septiembre;22.9;30.5;15.2;24;56;3.2;0;1.7;0.6;0;9.8;260;06
Octubre;17.8;24.1;11.5;61;68;7;0;1.1;3;0;6.9;206;06
Noviembre;12.7;18.2;7.2;65;76;7.3;0;0.6;6.6;1.1;6.7;155;06
Diciembre;9.7;14.4;4.9;69;82;8.2;0;0.7;8.2;4.9;5.7;114;06
Año;17.1;23.8;10.3;447;64;59.2;0.1;12.9;39.4;18.9;109.1;2860;06
Enero;9.5;15.2;3.8;37;79;5.7;0.1;0.8;6.3;5.1;3.5;163;07
Febrero;9.8;15.4;4;32;77;5.1;0.1;0.8;5.5;3.8;2.9;166;07
Marzo;11.3;17.5;5.2;26;75;4.5;0;0.8;6.9;2.1;3.9;202;07
Abril;13.6;19.8;7.4;34;71;4.8;0;1.3;3.5;0.1;3.8;234;07
Mayo;17.5;23.7;11.3;32;67;3.8;0;1.2;2.2;0;5.4;283;07
Junio;21.7;28.1;15.4;12;63;1.8;0;0.8;0.6;0;9.1;316;07
Julio;24.8;31.2;18.3;5;62;0.5;0;0.7;0.4;0;16.1;342;07
Agosto;25.1;31.3;18.9;17;65;1.7;0;1.8;0.5;0;12.4;315;07
Septiembre;22.2;27.9;16.5;50;71;4.3;0;3.9;1.3;0;5;222;07
Octubre;18.5;23.9;13.1;62;77;6.1;0;2.9;3.1;0;2.6;203;07
Noviembre;13.7;19;8.3;55;79;6.1;0;2.1;3.2;0.3;2.3;162;07
Diciembre;10.8;16.1;5.4;48;79;6.4;0;1.6;5.5;2.5;3.1;152;07
Año;16.5;22.4;10.6;411;72;50.9;0.3;18.6;39.1;15;70.6;2756;07
Enero;9.2;13.6;4.7;37;70;3.7;0.1;0.3;0.4;1.4;7.5;151;08
Febrero;9.9;14.3;5.4;35;70;4;0.2;0.4;1.2;1.2;4.8;163;08
Marzo;11.8;16.1;7.4;36;70;4.5;0.1;0.8;1.7;0.3;5.3;206;08
Abril;13.7;18;9.4;40;69;5.1;0;1.3;1.4;0;4;228;08
Mayo;16.9;21.1;12.8;47;70;4.7;0;1.7;1.2;0;4.3;250;08
Junio;20.9;24.9;16.8;30;68;3.6;0;1.5;0.5;0;6.8;266;08
Julio;23.9;28;19.8;21;67;1.8;0;1.3;0.3;0;10.2;305;08
Agosto;24.4;28.5;20.2;62;68;4.5;0;3.5;0.3;0;6.8;278;08
Septiembre;21.7;26;17.4;81;70;5.2;0;3.5;0.9;0;4.3;;08
Octubre;17.8;22.1;13.5;91;73;6.3;0;2.8;0.7;0;3.8;182;08
Noviembre;13;17.3;8.6;59;71;5.1;0.1;1.2;0.7;0.3;5.5;145;08
Diciembre;10;14.3;5.7;40;69;4.4;0;0.4;0.2;1;7;141;08
Año;16.1;20.3;11.8;588;69;53.3;0.4;19.9;9.4;3.8;70.4;;08
Enero;3.1;7;-0.8;44;85;7.5;4.7;0.1;6.8;18;2.7;86;09
Febrero;4.1;9;-0.8;35;77;6.9;3.7;0.1;3.8;17.2;2.9;116;09
Marzo;7;12.9;1.1;34;69;6.1;2.8;0.4;1.6;12.3;4.4;175;09
Abril;8.6;14.4;2.7;61;69;9.2;1.9;1.5;1.1;6.6;2.8;185;09
Mayo;12.2;18.4;5.9;63;67;9.3;0.3;4;1.5;1.1;2.9;226;09
Junio;16.5;23.7;9.2;41;62;5.7;0;3.4;1.3;0.1;6;277;09
Julio;19.5;27.6;11.5;23;57;3.6;0;3.3;0.8;0;10.5;320;09
Agosto;19.5;27.5;11.5;23;58;3.4;0;3;1.3;0;8.2;292;09
Septiembre;16.1;23.3;8.9;38;65;5.3;0;1.9;1.7;0.1;5.8;220;09
Octubre;11.5;17.2;5.9;60;74;8.3;0;0.6;2.9;1.9;3.1;151;09
Noviembre;6.6;10.9;2.1;60;82;8.7;1.7;0.1;4.6;9.7;2.8;99;09
Diciembre;3.9;7.7;0.2;63;85;9.3;3.4;0.1;6;15;3;78;09
Año;10.7;16.6;4.8;546;71;83.5;18.5;18.9;34;80.9;;2223;09
Enero;7.8;12;3.7;54;79;6.7;0.3;0;4.1;5;8.2;156;10
Febrero;9.3;14;4.7;48;73;6.5;0.1;0.3;2.3;2.3;6.5;175;10
Marzo;12.2;17.7;6.7;36;63;5;0.1;0.7;0.6;0.7;8.2;232;10
Abril;13.8;19.3;8.3;52;60;7.2;0;1.1;0.1;0;6.3;247;10
Mayo;17.6;23.7;11.5;50;55;6.5;0;3.1;0.3;0;6;297;10
Junio;22.9;29.9;16;20;44;2.6;0;1.6;0;0;10.8;336;10
Julio;26.2;33.7;18.8;6;37;0.7;0;0.8;0;0;19.6;379;10
Agosto;26;33.2;18.7;7;39;1;0;1;0;0;16.3;348;10
Septiembre;22.4;28.8;16;30;49;3.5;0;1.7;0;0;10.1;261;10
Octubre;17;22;11.9;77;65;7.5;0;1.2;0.4;0;6.9;205;10
Noviembre;11.7;15.9;7.5;89;76;8.1;0;0.4;2;0.5;6.8;158;10
Diciembre;8.7;12.5;4.9;77;80;8.4;0.1;0.3;4.8;3;7.1;129;10
Año;16.3;21.9;10.7;551;60;64.2;;12.2;15;11.6;114.1;2922;10
Enero;12.7;16;9.4;69;75;6.9;0;1.4;1.8;0;9.2;184;11
Febrero;13.8;16.8;10.7;58;74;6.4;0;1.1;1.1;0;8;197;11
Marzo;15.5;18.8;12.3;35;71;4.8;0;0.9;1.1;0;9.9;228;11
Abril;16.8;19.9;13.7;45;69;5.6;0;0.9;0.3;0;7.4;255;11
Mayo;19.1;22.1;16.2;27;70;3.2;0;0.8;0.2;0;8.2;307;11
Junio;22.4;25.3;19.5;7;69;0.9;0;0.3;0.5;0;13.9;331;11
Julio;24.6;27.7;21.4;0;68;0.1;0;0.2;0.7;0;19;;11
Agosto;25;27.9;22;2;70;0.2;0;0.1;0.5;0;;;11
Septiembre;23.3;26.3;20.3;24;71;2.5;0;0.7;0.4;0;11.3;252;11
Octubre;20.3;23.4;17.3;67;74;5.6;0;1.3;0.5;0;8.9;228;11
Noviembre;16.5;19.6;13.4;98;74;7.2;0;1.7;0.9;0;8.1;187;11
Diciembre;13.9;16.9;10.9;92;76;8.1;0;1.4;1.1;0;7.9;166;11
Año;18.6;21.6;15.4;523;;50.7;;;;0;;;11
Enero;10.6;15.3;5.8;36;67;4.2;0;0.3;0.5;0.7;8;180;12
Febrero;11.3;16.2;6.4;31;66;3.5;0;0.2;1.2;0.7;6.3;179;12
Marzo;13.4;18.5;8.3;31;64;3.3;0;0.3;1.4;0;6.6;209;12
Abril;15.4;20.5;10.3;42;63;4.6;0;1.7;0.7;0;4.6;235;12
Mayo;18.5;23.4;13.6;44;63;4.7;0;2.3;0.2;0;5;272;12
Junio;22.5;27.3;17.6;19;63;2.8;0;2.7;0.1;0;8.4;296;12
Julio;25.3;30;20.6;9;64;1.4;0;2.1;0;0;11.7;329;12
Agosto;25.6;30.3;20.9;24;66;2.4;0;3.9;0;0;7.9;290;12
Septiembre;22.9;27.6;18.1;71;68;5;0;3.9;0.1;0;5.2;229;12
Octubre;19;23.5;14.4;70;69;5;0;2.7;0.2;0;4.8;203;12
Noviembre;14.3;18.8;9.8;49;68;4.2;0;0.8;0.1;0;5.1;173;12
Diciembre;11.4;15.8;7;42;68;4.4;0;0.3;0.3;0.1;7;164;12
Año;17.5;22.3;12.7;467;66;45.5;0;21.7;5.2;1.6;80.6;2755;12
Enero;6;10.9;1.1;35;78;5.9;1;0.1;7.3;13.3;6.7;133;13
Febrero;8;13.7;2.4;30;71;5.7;0.9;0.2;3.8;7.2;6.3;157;13
Marzo;11.4;17.9;4.9;28;61;4.7;0.2;0.4;1.4;2.2;6.8;213;13
Abril;13.4;19.7;7.1;48;59;7.8;0.1;1.3;0.7;0.2;4.8;226;13
Mayo;17.5;24.1;10.9;41;55;6.3;0;3.1;0.4;0;4.2;260;13
Junio;23.2;30.5;15.9;25;46;3.4;0;3.2;0;0;9.9;313;13
Julio;26.7;34.5;18.9;6;40;0.8;0;1.4;0;0;17.6;352;13
Agosto;26.1;33.7;18.6;5;43;1;0;1.7;0;0;15.1;323;13
Septiembre;21.6;28.4;14.8;26;54;3.6;0;1.8;0.3;0;8.8;247;13
Octubre;15.8;21.5;10;53;67;6.4;0;1;2;0;6.1;190;13
Noviembre;10.1;15.1;5.1;45;76;6.4;0;0.2;4.2;2.9;5;135;13
Diciembre;6.9;11.4;2.5;59;81;7.4;0.3;0.2;7.6;9.6;5.6;114;13
Año;15.6;21.8;9.3;402;61;59.3;2.6;14.2;27.6;35.4;97.3;2664;13
Enero;9.3;14.9;3.6;66;76;7.2;0.2;0.4;2.8;6.6;10.3;174;14
Febrero;11.1;17.4;4.9;55;71;6.1;0;0.6;2.4;3;8.8;186;14
Marzo;14.4;21.3;7.4;49;64;4.9;0;1;0.5;0.4;8.5;218;14
Abril;16;22.8;9.3;55;60;6.7;0;1.9;0.8;0;5.8;235;14
Mayo;20;27.4;12.6;40;55;4.9;0;1.9;0.6;0;7.3;288;14
Junio;24.7;32.8;16.5;13;48;1.4;0;1.1;0;0;13.7;323;14
Julio;28;36.9;19;2;41;0.4;0;0.6;0;0;20.9;363;14
Agosto;28;36.5;19.4;5;43;0.6;0;0.5;0;0;19;336;14
Septiembre;24.2;31.6;16.9;35;52;3.2;0;1.7;0.3;0;10.3;248;14
Octubre;19.1;25.1;13;86;66;6.9;0;1.7;1.2;0;7.8;204;14
Noviembre;13.5;19.1;7.8;80;73;5.9;0;0.7;2.6;0.6;8.4;180;14
Diciembre;10.4;15.3;5.5;111;79;8.1;0;0.7;4.5;3.3;8.1;148;14
Año;18.2;25.1;11.4;605;60;56.6;0.2;12.7;15.7;15.5;130.5;;14
Enero;9.3;13.1;5.4;121;77;13.6;0.2;0.7;5.1;3.7;4.4;99;15
Febrero;9.5;13.8;5.2;102;74;12;0;0.6;4.3;3;5.7;117;15
Marzo;11.1;15.7;6.6;85;71;11.6;0;0.4;4.3;1.2;5.9;155;15
Abril;12.1;16.5;7.7;99;72;13.5;0;1;4.2;0.1;4.9;173;15
Mayo;14.4;18.6;10.1;82;73;11.8;0;1.5;4.4;0;3.5;194;15
Junio;17.1;21.4;12.7;45;73;6.7;0;0.8;4.9;0;6;217;15
Julio;18.7;23.1;14.3;35;74;5.6;0;0.8;6.6;0;5.9;236;15
Agosto;19.1;23.7;14.5;36;74;5.9;0;1;8.5;0;6.9;240;15
Septiembre;17.7;22.6;12.9;72;75;8.2;0;1.1;8.8;0;6.3;181;15
Octubre;14.9;19.2;10.6;139;78;13.3;0;0.6;7.4;0;3.5;142;15
Noviembre;11.8;15.7;7.9;140;79;13.9;0;1.1;5.9;0.4;3.3;104;15
Diciembre;9.9;13.7;6.1;144;78;14.6;0;0.9;5.3;2.5;5.7;94;15
Año;13.8;18.1;9.5;1106;75;130.9;0.2;10.2;69.4;10.3;;1939;15
Enero;4.6;9.7;-0.5;40;73;6.5;2.3;0;2.7;17.8;9.3;154;16
Febrero;5.9;11.5;0.2;38;67;5.9;2;0;1.2;13.7;7.5;162;16
Marzo;8.8;15.1;2.5;35;60;5.5;1.1;0.3;0.7;6.8;6.8;211;16
Abril;10.6;16.6;4.5;58;60;8.4;0.7;0.8;0.4;2.1;5.1;206;16
Mayo;14.6;20.9;8.2;52;56;8.3;0;3;0.1;0.1;4.5;258;16
Junio;20.1;27.3;12.8;41;48;4.6;0;4.1;0;0;;309;16
Julio;23.6;31.4;15.7;10;41;1.7;0;2.2;0.1;0;15.9;357;16
Agosto;23.2;30.7;15.6;20;45;2.6;0;3.1;0.1;0;13.5;329;16
Septiembre;18.8;25.6;11.9;42;55;4.8;0;2.5;0.1;0;8.3;246;16
Octubre;13.4;19.2;7.7;60;67;7.9;0.1;0.8;0.9;0.4;7.2;188;16
Noviembre;8.3;13.3;3.2;48;73;7.2;0.8;0.1;1.6;6.5;7;151;16
Diciembre;5.4;10.1;0.7;58;76;8;1.3;0.1;2.2;14.6;8.2;136;16
Año;13.1;19.3;6.9;501;60;71.2;8.6;17;10.1;62.2;;;16
Enero;7.1;13.1;1.1;62;75;4.9;0.3;0.3;4.7;13.3;9.4;147;17
Febrero;7.9;14.1;1.7;51;73;4.9;0.3;0.4;5;10.1;7;156;17
Marzo;10.4;16.7;4.1;50;70;5.1;0;0.9;4.9;3.9;6.6;179;17
Abril;12.5;18.8;6.2;67;69;7.1;0;1.6;3.3;0.7;4.5;194;17
Mayo;16.3;22.4;10.1;71;68;7.3;0;2.8;4;0;4.1;224;17
Junio;20.4;26.6;14.3;60;63;5.1;0;2.4;2.6;0;6.9;247;17
Julio;23.6;30.1;17.1;32;59;3.2;0;3;1.5;0;11.6;285;17
Agosto;23.4;29.8;17;46;65;5.1;0;4.9;2;0;8.2;261;17
Septiembre;20.1;26.1;14.1;70;70;6.5;0;3.8;4.7;0;5.3;195;17
Octubre;16.2;21.8;10.5;88;75;6.4;0;2.3;5.4;0.1;5;167;17
Noviembre;10.9;16.6;5.2;70;76;5.2;0;0.7;4;3.8;6.7;143;17
Diciembre;7.8;13.6;2;56;76;4.7;0.1;0.4;4.6;11.1;9;132;17
Año;14.7;20.8;8.6;728;71;65.8;0.7;23.9;48;41.3;84.4;;17
Enero;6.5;13;0;42;72;5.6;0.7;0.2;4.4;16.8;9.8;168;18
Febrero;8.5;15.4;1.6;38;67;5.9;0.3;0.3;2.6;9.9;7.6;175;18
Marzo;11.4;19;3.8;32;59;4.9;0;0.6;1.5;3.8;6.8;223;18
Abril;13.3;20.6;6;36;57;6.2;0;0.9;0.9;0.8;5.3;234;18
Mayo;17.2;25;9.4;28;51;4.2;0;1.8;0.4;0.1;6.5;288;18
Junio;22.3;31;13.6;11;44;1.7;0;1.9;0.1;0;13.2;338;18
Julio;25.3;34.8;15.7;2;38;0.3;0;1;0;0;22.3;372;18
Agosto;24.8;34.2;15.5;4;42;0.6;0;1.1;0.1;0;19.1;340;18
Septiembre;21.1;29.4;12.8;19;52;2.8;0;1.4;0.3;0;9.5;258;18
Octubre;16;23.2;8.7;40;64;5;0;1.1;1.6;0.2;7.1;210;18
Noviembre;10.6;17;4.2;54;72;6.8;0.1;0.5;3.8;4.8;6.7;163;18
Diciembre;7.6;13.4;1.7;56;76;7.4;0.1;0.3;5.6;12.4;7.2;146;18
Año;15.4;23;7.8;365;58;52.1;1;11;21.4;48.5;121.1;2917;18
Enero;4.9;10.7;-1;35;;6.1;0.9;0;2.6;20.8;;;19
Febrero;6.3;13;-0.4;32;;5.9;1.1;0.1;1.8;17.3;;;19
Marzo;9.5;17;1.9;25;;4.7;0.2;0.4;1;10;;;19
Abril;11.1;18.4;3.8;50;;8;0.3;1.4;0.3;4.1;;;19
Mayo;15.5;23.5;7.5;53;;7.3;0;3.6;0.1;0.4;;;19
Junio;20.8;29.9;11.7;25;;3.8;0;3.1;0.1;0;;;19
Julio;23.7;33.5;13.7;12;;1.8;0;2.4;0;0;;;19
Agosto;23.7;;;;;;;;;;;;19
Septiembre;18.7;27.4;10;28;;4;0;1.9;0.5;0;;;19
Octubre;13.9;20.9;6.8;68;;8.1;0;1.1;0.6;1.1;;;19
Noviembre;8.3;14.7;1.9;42;;5.7;0.1;0.1;1.8;11.5;;;19
Diciembre;5.5;11;-0.1;46;;6.3;0.7;0;2.7;18;;;19
Año;13.5;21.1;5.7;36;;5.2;0.3;1.4;0.9;6.9;;;19
Enero;8.5;11;5.9;141;75;13.2;1.3;1.2;7.7;2.6;2.9;98;20
Febrero;8.7;11.5;5.9;110;74;11.6;1.6;1.4;6.2;1.8;2.9;107;20
Marzo;10.3;13.4;7.2;113;74;12.4;0.3;1.5;7.6;0.6;2.9;144;20
Abril;11.3;14.5;8.1;138;77;13.4;0.1;2.2;9.1;0;1.9;157;20
Mayo;14.4;17.7;11.1;120;78;12.2;0;3.3;10.4;0;2.1;181;20
Junio;16.9;20;13.8;90;82;10.6;0;3.3;11.2;0;2.7;189;20
Julio;18.9;21.8;16;86;83;9.8;0;3.5;10.6;0;3.1;196;20
Agosto;19.5;22.5;16.5;117;83;10.5;0;3.7;9.1;0;3.4;190;20
Septiembre;18;21.1;14.8;111;79;10.1;0;2.5;8.3;0;4.1;179;20
Octubre;15.5;18.5;12.4;159;75;11.8;0;1.9;7.3;0;2.6;140;20
Noviembre;11.3;14;8.7;169;76;13;0.2;1.6;7.7;0.5;2.8;102;20
Diciembre;9.1;11.6;6.6;151;75;12.4;0.5;1.1;6.7;1.6;2.9;93;20
Año;13.5;16.5;10.6;1507;78;141.1;4;27.3;101.9;7.1;34.2;1816;20
Enero;11;16.2;5.9;71;77;7.1;0;0.6;1.4;0.9;;165;21
Febrero;12.4;17.8;7;50;74;5.5;0;0.5;2.3;0.3;;171;21
Marzo;14.7;20.7;8.8;38;68;4.3;0;0.7;1.6;0;;229;21
Abril;16.1;22;10.3;48;65;6;0;1;0.5;0;;255;21
Mayo;19.2;25.2;13.2;29;62;3.8;0;0.8;0.7;0;;296;21
Junio;22.8;29;16.6;8;57;1.1;0;0.1;0.1;0;;341;21
Julio;25.8;32.7;18.9;3;51;0.2;0;0.2;0.1;0;;366;21
Agosto;25.8;32.4;19.1;4;55;0.4;0;0.3;0.2;0;;340;21
Septiembre;23.4;29.4;17.3;26;61;2.4;0;0.6;1.1;0;;268;21
Octubre;19.5;24.9;14.1;68;69;6.4;0;1;1.3;0;;211;21
Noviembre;14.9;20;9.8;79;73;6.3;0;0.9;0.9;0;;176;21
Diciembre;12.3;16.9;7.6;99;78;7.9;0;1.4;1.9;0.5;;151;21
Año;18.2;23.9;12.4;525;66;51.5;0;7.8;12.3;1.8;;;21
Enero;5.2;9;1.4;31;78;5;1;0.2;7.3;10.3;;138;22
Febrero;6.9;11.6;2.2;28;70;4.5;0.8;0.1;3.4;7;5.5;173;22
Marzo;10.1;15.7;4.5;30;61;4.2;0.4;0.2;1.3;3.5;7;230;22
Abril;12.1;18;6.2;53;60;6.4;0.1;1.3;1.3;0.8;;243;22
Mayo;16.1;22.3;9.8;52;57;7.3;0;3.3;1.3;0;;275;22
Junio;21;28.1;13.8;33;50;4.3;0;3.7;0.3;0;;302;22
Julio;24.1;31.6;16.5;22;47;3.1;0;3.7;0.2;0;;346;22
Agosto;23.7;30.9;16.6;29;50;3.3;0;3.9;0.2;0;;314;22
Septiembre;19.8;25.9;13.6;48;57;4.4;0;3.2;0.7;0;;247;22
Octubre;15;19.8;10.1;60;67;6.5;0;1.1;1.6;0;;197;22
Noviembre;9.3;13.4;5.2;47;76;5.8;0.1;0.2;5.6;2.8;;146;22
Diciembre;5.5;9.2;1.9;44;81;6;0.8;0.1;8.4;9.7;;123;22
Año;14;19.6;8.4;480;63;60.7;;21.3;33.4;34.2;;2732;22
Enero;8.6;12.1;5.1;55;70;6.4;0.4;0.1;1.5;1.6;;;23
Febrero;10.3;14;6.6;50;65;6.2;0.3;0.1;0.7;0.6;;;23
Marzo;13.1;17.4;8.9;44;59;5;0.3;0.2;0.5;0.3;;;23
Abril;14.5;19;10;54;58;7;0;0.5;0.2;0;;;23
Mayo;18.2;23.2;13.3;43;55;5.6;0;0.9;0.2;0;;;23
Junio;23.7;29.4;18.1;18;;2;0;0.9;0.3;;;;23
Julio;27.6;33.7;21.4;2;40;0.3;0;0.3;0;0;;;23
Agosto;26.9;32.9;21;9;45;0.7;0;0.5;0;0;;;23
Septiembre;22.8;27.7;17.8;26;54;2.6;0;1;0.1;0;;;23
Octubre;17.9;21.9;13.8;55;64;5.9;0;0.5;0.4;0;;;23
Noviembre;12.3;15.7;8.9;62;70;6.9;0;0.1;0.9;0.1;;;23
Diciembre;9.5;12.8;6.3;75;72;7.6;0.1;0.3;1.6;0.6;;;23
Año;17.1;21.7;12.6;41;54;4.7;0.1;;;;;;23
Enero;3.2;7.1;-0.7;50;82;7.6;4.1;0;8.1;18.6;5.8;130;24
Febrero;4.7;9.5;0;34;74;6;3.1;0.1;2.8;15;5.8;161;24
Marzo;7.6;13.3;1.9;32;66;5.6;1.6;0.3;1;9.4;6.9;214;24
Abril;9;14.8;3.3;45;65;7.7;0.9;1.2;0.3;5.2;4.1;228;24
Mayo;12.6;18.6;6.6;56;62;8.8;0.1;3.9;0.6;0.7;3.6;259;24
Junio;17.1;24;10.2;31;56;4.6;0;2.9;0.2;0;7.3;314;24
Julio;19.8;27.4;12.2;19;52;2.8;0;3;0.1;0;12.3;358;24
Agosto;19.6;26.9;12.3;23;54;2.7;0;2.6;0.1;0;11.8;327;24
Septiembre;16.5;22.9;10.1;39;62;4.5;0;1.5;0.2;0;9;246;24
Octubre;11.7;16.7;6.7;61;74;8.2;0;0.4;1.7;0.7;4.9;178;24
Noviembre;7;11.2;2.8;59;80;7.5;0.8;0;4.8;7.3;5.4;137;24
Diciembre;4.2;8;0.4;66;83;8.7;2.2;0.1;7.9;14.6;6.3;120;24
Año;11.1;16.7;5.5;515;67;74.9;13;16.1;27.8;71.6;83;2673;24
Enero;5.5;10;0.9;26;81;4.2;0.6;0.1;12;13.1;5.5;116;25
Febrero;7.7;13.8;1.6;15;71;2.6;0.2;0.1;6.8;10;7.8;162;25
Marzo;11.3;18.3;4.2;21;62;3.5;0.2;0.3;2.8;3.8;9.7;226;25
Abril;13.7;20.7;6.7;39;59;5.4;0;1.6;1;0.2;7.1;248;25
Mayo;17.9;25;10.8;42;58;5.5;0;3.5;0.9;0;6.3;282;25
Junio;22.3;29.8;14.7;27;53;3.5;0;3;0.3;0;10.4;321;25
Julio;25.2;33;17.4;12;52;1.8;0;2.8;0.2;0;15.6;356;25
Agosto;24.9;32.4;17.4;18;56;2.4;0;3.5;0.4;0;12.7;319;25
Septiembre;20.9;27.8;13.9;41;63;3.8;0;2.8;1.1;0;9.7;256;25
Octubre;15.9;22;9.7;43;73;4.8;0;1.4;4.4;0.1;6.6;195;25
Noviembre;9.7;14.9;4.4;30;80;4.4;0;0.2;9.3;4.7;5.9;135;25
Diciembre;5.7;9.8;1.5;24;84;4.1;0.2;0.1;13.6;11.6;5.2;96;25
Año;15;21.5;8.6;342;66;46.2;1.2;19.5;52.9;41.6;102.9;;25
Enero;5.9;9.9;2;28;78;5.6;1.5;0;7.2;9.5;3.1;105;26
Febrero;7.2;12;2.4;23;72;5.1;1.4;0;4.4;7.3;3.6;133;26
Marzo;10.2;15.9;4.6;26;65;4.7;0.6;0.3;1.7;2.2;4.7;189;26
Abril;12;17.8;6.3;46;64;7.4;0.3;1.4;1.4;0.6;3.2;198;26
Mayo;15.9;22;9.7;47;62;8;0;4.2;0.6;0;3;225;26
Junio;20.1;26.9;13.3;44;57;5.2;0;4.5;0.4;0;5.3;270;26
Julio;22.8;30.1;15.6;30;55;3.7;0;4.1;0.2;0;9.9;312;26
Agosto;22.7;29.8;15.6;21;58;3.4;0;4.1;0.3;0;8.1;285;26
Septiembre;19.3;25.8;12.9;26;64;3.9;0;1.9;0.9;0;6.6;220;26
Octubre;14.7;20.1;9.2;37;72;6.5;0;0.6;4.1;0.2;3.6;164;26
Noviembre;9.5;13.8;5.3;40;77;6.7;0.2;0.1;5.9;2.7;3.5;113;26
Diciembre;6.5;10.2;2.8;38;80;6.5;0.9;0;7.6;6.7;3.5;93;26
Año;13.9;19.5;8.3;405;67;66.6;5;21.6;34.6;29.2;58.1;2305;26
Enero;6.2;10.6;1.8;114;83;14;1.7;0.2;6.8;11.5;;;27
Febrero;7;12.3;1.7;87;79;11.1;1.7;0.2;6.7;10.7;;;27
Marzo;9.2;15.2;3;80;74;11.2;0.8;0.5;6.4;6.3;;146;27
Abril;10;15.7;4.3;102;75;14;0.7;1.4;5.8;2.8;;;27
Mayo;13.2;19.3;7.2;81;73;11.6;0;3.4;7;0.4;;191;27
Junio;16.1;22.3;9.9;52;73;6.6;0;1.9;7.9;0;;211;27
Julio;18.2;24.4;12;34;73;4.6;0;1.4;7.8;0;;231;27
Agosto;18.5;25.2;11.8;36;72;5.2;0;1.8;10.2;0;;240;27
Septiembre;16.4;23;9.8;68;75;7.7;0;1.2;11.5;0;;179;27
Octubre;12.9;18.3;7.6;137;81;13.6;0;0.7;8.2;0.7;;135;27
Noviembre;8.9;13.3;4.5;144;85;14.3;0.3;0.6;8.1;5.1;;86;27
Diciembre;6.9;11;2.7;134;85;13.8;1;0.4;6.7;10.2;;85;27
Año;12;17.6;6.3;1052;77;126.3;6;13.8;94;49.6;;;27
Enero;5.5;10.7;0.2;29;74;5.2;0.7;0;4.1;16.2;7.9;144;28
Febrero;7.1;13;1.2;32;67;4.7;0.9;0.2;2;11.5;6.5;168;28
Marzo;10.2;17;3.5;22;58;3.5;0.3;0.4;0.6;4.7;7.8;224;28
Abril;12.2;18.7;5.7;38;56;6.4;0.1;1.2;0.3;0.9;5;226;28
Mayo;16.2;23.1;9.3;44;52;6.8;0;2.9;0.3;0.1;5.2;258;28
Junio;21.7;29.5;13.9;22;42;3.6;0;2.7;0.1;0;8.9;310;28
Julio;25.2;33.5;16.8;9;35;1.5;0;2.2;0;0;16.8;354;28
Agosto;24.7;32.8;16.5;10;37;1.5;0;1.5;0;0;13.5;329;28
Septiembre;20.5;27.9;13.1;24;48;2.9;0;1.7;0.4;0;8;258;28
Octubre;14.8;21;8.7;51;63;6.6;0;0.9;1;0.2;6.1;199;28
Noviembre;9.4;14.8;4.1;49;72;6.2;0;0.2;2.3;5.4;6.8;151;28
Diciembre;6.2;10.9;1.4;42;76;6.3;0.6;0.1;5.6;12.8;6.4;128;28
Año;14.5;21.1;7.9;371;57;55.1;2.6;14;16.8;51.8;98.3;;28
Enero;12.1;16.8;7.4;69;69;5.8;0;1.3;0.7;0.1;7.9;180;29
Febrero;12.9;17.7;8.2;60;68;4.8;0;1.2;1;0.1;6.3;180;29
Marzo;14.7;19.6;9.8;52;67;4;0;0.9;1.3;0;5.9;222;29
Abril;16.3;21.4;11.1;44;63;4.5;0;1.4;0.4;0;5.7;244;29
Mayo;19.3;24.3;14.2;20;59;3.1;0;1.1;0.7;0;7.3;292;29
Junio;23;28.1;18;6;58;0.8;0;0.7;0.6;0;14;329;29
Julio;25.5;30.5;20.5;0;58;0.1;0;0.2;0.8;0;20.6;347;29
Agosto;26;30.8;21.1;6;61;0.5;0;0.7;0.9;0;17.1;316;29
Septiembre;23.5;28.2;18.8;20;65;2.1;0;1.5;0.7;0;9.3;255;29
Octubre;19.5;24.1;15;57;70;4.4;0;1.5;1.4;0;6;215;29
Noviembre;15.7;20.1;11.3;100;71;5.6;0;1.3;0.9;0;5.6;172;29
Diciembre;13.2;17.5;8.9;100;72;6.6;0;1.5;0.8;0;5.6;160;29
Año;18.5;23.3;13.7;534;65;42.3;0;13.4;10.4;0.2;109.1;2905;29
Enero;10.6;16.6;4.7;27;65;3.8;0.1;0.2;1.1;2.3;8;189;30
Febrero;12.2;18.4;5.9;27;63;3.6;0;0.5;2;1.2;7.1;190;30
Marzo;14.3;20.9;7.7;30;59;3.3;0;0.5;0.8;0.3;6.5;223;30
Abril;16.5;23.3;9.7;25;53;3.6;0;1.6;0.6;0;5.8;256;30
Mayo;20;26.6;13.3;28;52;3.9;0;2.3;0.6;0;5.8;289;30
Junio;24.2;31;17.4;18;49;2;0;2.1;0.3;0;10.9;323;30
Julio;27.2;34;20.3;3;50;0.6;0;0.9;0.2;0;16.1;353;30
Agosto;27.6;34.2;20.9;8;54;1;0;1.4;0.2;0;12.5;316;30
Septiembre;24.2;30.4;18;32;59;3;0;3.2;0.4;0;6.7;239;30
Octubre;19.8;25.6;13.9;36;64;3.7;0;2;0.6;0;5.3;217;30
Noviembre;14.6;20.3;8.9;32;65;4.1;0;0.5;0.8;0.2;7.1;186;30
Diciembre;11.5;17.2;5.8;29;68;3.9;0;0.2;1;1.5;7;172;30
Año;18.6;24.9;12.3;297;58;36.5;0.2;15.6;8.7;5.5;99.2;2967;30
Enero;5.2;9.1;1.4;57;78;8.7;2;0.2;3.8;11.2;3.1;93;31
Febrero;6.3;10.9;1.6;50;72;8;2.6;0.3;1.6;10.1;3.7;125;31
Marzo;9.1;14.6;3.7;54;66;7.7;1.4;0.9;0.6;4.5;4.4;177;31
Abril;10.9;16.4;5.3;74;65;9.7;0.8;2.2;0.4;1.2;3.5;185;31
Mayo;14.7;20.8;8.6;60;63;9.2;0;4.2;0.5;0;3.4;228;31
Junio;18.6;25.2;11.9;46;59;5.8;0;3.9;0.2;0;5.7;268;31
Julio;21.2;28.2;14.2;33;57;4.3;0;3.8;0.2;0;9;310;31
Agosto;21.4;28.3;14.5;38;58;4.7;0;4.2;0.1;0;7.2;282;31
Septiembre;18.2;24.5;12;44;62;5.7;0;2.4;0.3;0;7;219;31
Octubre;14.1;19.3;8.9;68;69;8.6;0;1.5;1.6;0.2;4.5;164;31
Noviembre;9;13.1;4.8;75;76;9.6;0.7;0.4;2.4;3.3;4;108;31
Diciembre;6;9.7;2.2;72;78;10.1;1.5;0.4;3.5;9.1;3.4;88;31
Año;12.9;18.4;7.4;674;67;93.5;9.5;24.4;15.2;39.3;59;2240;31
Enero;8;12.7;3.4;89;81;10.2;0.6;0.7;8.7;7.7;3.2;87;32
Febrero;9.2;15.2;3.2;66;74;8.6;0.2;0.4;5.1;7.1;4.1;115;32
Marzo;11.9;18.7;5;59;68;8.4;0.1;0.6;1.8;3.1;5.8;166;32
Abril;13.3;19.8;6.7;72;67;11.1;0;1.8;1.6;0.4;4.3;180;32
Mayo;16.2;22.9;9.5;64;66;9.5;0;3.4;1.2;0.1;3.4;205;32
Junio;20.2;27.5;12.8;36;62;4.6;0;2.1;0.9;0;7;249;32
Julio;22.5;30.2;14.8;20;59;2.9;0;1.7;0.6;0;8.7;278;32
Agosto;22.6;30.6;14.5;22;60;3.3;0;1.8;0.9;0;8.3;268;32
Septiembre;19.9;27.5;12.3;57;65;5.8;0;1.6;2.2;0;5.4;204;32
Octubre;15.6;21.7;9.6;112;75;10.4;0;1.4;6;0;2.5;138;32
Noviembre;11.1;15.9;6.3;103;82;10.5;0;0.6;9.3;2;1.5;84;32
Diciembre;8.5;12.8;4.1;112;84;11.2;0.2;0.8;9.3;6.4;2.4;70;32
Año;14.9;21.3;8.5;811;70;96.9;1.1;17.3;47.1;27.3;;2054;32
Enero;9.4;12.9;5.9;103;75;12.2;0.4;1.1;0.7;1;3.4;98;33
Febrero;9.4;13.1;5.7;88;74;11.1;0.5;1;0.8;0.9;3.2;109;33
Marzo;10.7;14.6;6.8;82;75;10.8;0;0.9;1.4;0.3;3.1;142;33
Abril;11.3;15.1;7.5;99;76;12.8;0;1.5;2.4;0;2.4;151;33
Mayo;13.6;17.3;10;79;80;11.9;0;1.6;3.5;0;2;166;33
Junio;16.2;19.6;12.8;61;81;7.8;0;1.5;5.4;0;2.6;163;33
Julio;18.2;21.5;14.8;47;81;7.2;0;2;4.7;0;3.1;173;33
Agosto;18.8;22.2;15.3;60;81;7.3;0;1.5;3.7;0;3.2;182;33
Septiembre;17.4;21.2;13.7;73;80;8.3;0;1.3;3.3;0;4.2;170;33
Octubre;15.1;18.7;11.3;116;80;11.5;0;0.9;2.9;0;3.1;130;33
Noviembre;11.8;15.3;8.4;134;78;12.9;0;0.9;1.1;0.1;2.8;96;33
Diciembre;9.9;13.3;6.5;117;76;13.6;0.1;0.8;1.1;0.6;3.3;86;33
Año;13.5;17.1;9.9;1062;78;127.8;1;15.1;31;2.9;36;1670;33
Enero;3.1;7;-0.8;44;85;7.5;4.7;0.1;6.8;18;2.7;86;34
Febrero;4.1;9;-0.8;35;77;6.9;3.7;0.1;3.8;17.2;2.9;116;34
Marzo;7;12.9;1.1;34;69;6.1;2.8;0.4;1.6;12.3;4.4;175;34
Abril;8.6;14.4;2.7;61;69;9.2;1.9;1.5;1.1;6.6;2.8;185;34
Mayo;12.2;18.4;5.9;63;67;9.3;0.3;4;1.5;1.1;2.9;226;34
Junio;16.5;23.7;9.2;41;62;5.7;0;3.4;1.3;0.1;6;277;34
Julio;19.5;27.6;11.5;23;57;3.6;0;3.3;0.8;0;10.5;320;34
Agosto;19.5;27.5;11.5;23;58;3.4;0;3;1.3;0;8.2;292;34
Septiembre;16.1;23.3;8.9;38;65;5.3;0;1.9;1.7;0.1;5.8;220;34
Octubre;11.5;17.2;5.9;60;74;8.3;0;0.6;2.9;1.9;3.1;151;34
Noviembre;6.6;10.9;2.1;60;82;8.7;1.7;0.1;4.6;9.7;2.8;99;34
Diciembre;3.9;7.7;0.2;63;85;9.3;3.4;0.1;6;15;3;78;34
Año;10.7;16.6;4.8;546;71;83.5;18.5;18.9;34;80.9;;2223;34
Enero;17.9;20.8;15;25;65;3.1;0;0.4;0;0;4.1;184;35
Febrero;18.2;21.2;15;24;66;3;0;0.4;0.1;0;4.4;191;35
Marzo;19;22.3;15.7;12;64;2.3;0;0.3;0.1;0;5.5;229;35
Abril;19.4;22.6;16.2;6;64;1.3;0;0.1;0;0;3.1;228;35
Mayo;20.4;23.6;17.3;1;65;0.3;0;0;0;0;5;272;35
Junio;22.2;25.3;19.2;0;66;0.1;0;0;0;0;7.4;284;35
Julio;23.8;26.9;20.8;0;65;0;0;0;0;0;11.6;308;35
Agosto;24.6;27.5;21.6;0;66;0.1;0;0.1;0;0;11.6;300;35
Septiembre;24.3;27.2;21.4;9;68;1.1;0;0.3;0;0;6.7;242;35
Octubre;23.1;26.2;20.1;16;69;2.3;0;0.3;0;0;4.1;220;35
Noviembre;21.2;24.2;18.1;22;67;3.9;0;0.3;0;0;3.6;185;35
Diciembre;19.2;22.2;16.2;31;68;4.5;0;0.5;0;0;3.9;179;35
Año;21.1;24.2;18;151;66;22.1;0;2.7;0.3;0;70.9;;35
Enero;9.6;12.9;6.3;178;77;14.3;0.1;1.3;2;0.6;6.5;103;36
Febrero;10.4;14.2;6.5;133;72;11.3;0;0.8;1.8;0.4;6.1;123;36
Marzo;12.4;16.9;7.8;120;68;11.2;0;1.1;1.5;0.2;7.5;181;36
Abril;13;17.6;8.4;143;69;14.2;0;1.2;1.9;0;5.7;203;36
Mayo;15.8;20.6;10.9;118;69;12;0;2.2;1.9;0;5.2;238;36
Junio;18.6;23.8;13.4;64;67;7;0;0.8;2.6;0;9.2;262;36
Julio;20.4;25.9;14.9;44;67;5.1;0;0.7;3.1;0;12.7;294;36
Agosto;20.6;26;15.2;56;68;5.5;0;0.8;3.7;0;10.8;279;36
Septiembre;18.8;23.7;13.8;95;72;8.4;0;0.9;4.2;0;9.2;224;36
Octubre;15.7;19.6;11.7;224;76;13.6;0;1.5;3.1;0;6.1;145;36
Noviembre;12.1;15.4;8.7;222;78;14.1;0;1.3;2.7;0;6;104;36
Diciembre;10.3;13.4;7.1;216;77;14.4;0;1.2;2.9;0.5;7.2;91;36
Año;14.8;19.2;10.4;1613;72;131.3;0.2;13.9;31.9;1.8;92.5;;36
Enero;4;8.6;-0.7;30;82;5.8;1.6;0;9.1;18.5;4;118;37
Febrero;5.5;11.2;-0.2;25;73;5.4;1.9;0.1;4.4;15.7;4.5;154;37
Marzo;8.3;14.9;1.7;21;63;4.7;0.8;0.4;2;10.2;6.4;211;37
Abril;10.1;16.5;3.8;38;62;7.4;0.8;0.9;1.6;3.9;4.1;224;37
Mayo;14;20.6;7.3;47;59;7.9;0.2;2.7;0.8;0.6;3.4;265;37
Junio;18.8;26.6;11;29;52;3.8;0;3.5;0.5;0;7.5;317;37
Julio;21.5;30;12.9;11;47;1.8;0;2.5;0.1;0;14.9;358;37
Agosto;21.1;29.5;12.6;12;51;1.9;0;2.1;0.1;0;12.1;330;37
Septiembre;17.6;25.1;10;32;59;4.2;0;2.1;1.1;0;7.3;251;37
Octubre;12.6;18.9;6.4;46;71;7.1;0;0.6;3.6;1.4;4.3;183;37
Noviembre;7.6;12.8;2.4;40;79;6.9;0.5;0.2;6.6;10.4;4.1;130;37
Diciembre;4.9;9.4;0.4;42;83;6.9;1.2;0.1;8.9;16;3.8;104;37
Año;12.2;18.7;5.6;372;65;63.8;6.8;15.1;38.9;76.8;77.2;2667;37
Enero;18.2;21;15.4;32;64;4.2;0;0.3;0;0;3.4;178;38
Febrero;18.3;21.2;15.3;35;65;3.8;0;0.4;0.1;0;4.7;186;38
Marzo;19;22.1;15.9;38;62;3.8;0;0.2;0;0;5.3;221;38
Abril;19.7;22.7;16.5;12;61;2.4;0;0.1;0;0;4.3;237;38
Mayo;21;24.1;17.8;4;61;0.9;0;0;0;0;5.7;282;38
Junio;22.9;26.2;19.5;1;61;0.2;0;0;0;0;12;306;38
Julio;25;28.7;21.2;0;58;0;0;0;0;0;19.8;337;38
Agosto;25.5;29;21.9;2;60;0.3;0;0;0;0;17.8;319;38
Septiembre;24.9;28.1;21.7;7;64;0.9;0;0.2;0;0;7.8;253;38
Octubre;23.4;26.3;20.3;19;66;3.1;0;0.1;0;0;4.5;222;38
Noviembre;21.3;24.1;18.4;34;65;4.7;0;0.3;0.1;0;3.1;178;38
Diciembre;19.4;22.1;16.6;43;66;5.4;0;0.5;0;0;3;168;38
Año;21.5;24.6;18.4;226;63;29.7;0;2.2;0.3;0;92;2913;38
Enero;9.7;13.6;5.8;106;72;12.3;0.4;0.8;0.8;2.1;2.9;85;39
Febrero;9.8;13.8;5.7;92;72;11.1;0.3;1.1;0.9;1.2;3.1;104;39
Marzo;11.3;15.7;7;88;71;9.9;0.1;0.9;1.2;0.4;2.9;135;39
Abril;12.4;16.6;8.3;102;72;11.9;0;1.3;0.7;0;2.4;149;39
Mayo;15.1;19.1;11.1;78;74;10.4;0;1.6;1.7;0;2.4;172;39
Junio;17.8;21.6;13.9;58;75;7.6;0;1.8;1.2;0;3.7;178;39
Julio;19.8;23.6;16;52;75;7.3;0;2;0.5;0;4.5;187;39
Agosto;20.3;24.2;16.4;73;76;7.6;0;1.4;0.8;0;3.8;180;39
Septiembre;18.6;22.8;14.4;83;76;8.9;0;1.5;1.9;0;4.6;160;39
Octubre;16.1;20.3;11.8;120;75;11.1;0;1;2.1;0;2.8;129;39
Noviembre;12.5;16.3;8.7;157;75;13.3;0;1.3;0.9;0.4;3.2;93;39
Diciembre;10.5;14.2;6.7;118;73;12.1;0.1;0.9;0.6;2;3.4;74;39
Año;14.5;18.5;10.5;1129;74;123.6;0.9;15.7;13.4;6.2;38.9;1649;39
Enero;4.3;8.2;0.3;38;74;6.9;;0;3.9;14.5;4.5;124;40
Febrero;5.8;10.4;1.1;31;66;6;3.1;0;2;10;4.8;152;40
Marzo;8.6;13.9;3.2;30;59;5.9;1.7;0.1;1.3;6.1;5.4;203;40
Abril;9.7;15.1;4.2;44;59;8;1.5;0.8;0.6;4.2;3.4;213;40
Mayo;14;19.7;8.2;66;57;10.1;0.2;3.7;0.7;0.5;3.3;250;40
Junio;19;25.8;12.1;43;48;4.8;0;4.2;0.6;0;6.9;314;40
Julio;22.2;29.7;14.6;17;39;2.7;0;2.6;0.2;0;12.5;358;40
Agosto;22.1;29.4;14.8;20;40;3;0;3.8;0.1;0;10.4;328;40
Septiembre;17.7;24;11.4;28;50;4.7;0;2.1;0.4;0;5.8;246;40
Octubre;13;18;7.9;59;63;8.9;0.1;0.6;1;0.7;4;177;40
Noviembre;7.6;11.8;3.4;52;72;8.6;1.6;0;2.7;5.8;3.9;126;40
Diciembre;5.1;8.8;1.3;46;75;8.2;2.2;0;4.1;11.7;3.6;110;40
Año;12.4;17.9;6.9;479;59;78.6;;18.1;17.6;53.1;;;40
Enero;10.9;16;5.7;66;71;6.1;0;0.4;2.7;1.8;11.2;183;41
Febrero;12.5;18.1;7;50;67;5.8;0;0.5;3;0.7;7.9;189;41
Marzo;15.6;21.9;9.2;36;59;4.3;0;0.6;2.3;0;8.6;220;41
Abril;17.3;23.4;11.1;54;57;6.1;0;1.4;1.4;0;6;238;41
Mayo;20.7;27.2;14.2;30;53;3.7;0;1.2;0.7;0;6.9;293;41
Junio;25.1;32.2;18;10;48;1.3;0;0.7;0.2;0;12.9;317;41
Julio;28.2;36;20.3;2;44;0.2;0;0.2;0.2;0;21.1;354;41
Agosto;27.9;35.5;20.4;5;48;0.5;0;0.4;0.2;0;18.7;328;41
Septiembre;25;31.7;18.2;27;54;2.4;0;0.8;0.5;0;10.3;244;41
Octubre;20.2;26;14.4;68;62;6.1;0;1.2;2.4;0;7.8;216;41
Noviembre;15.1;20.2;10;91;70;6.4;0;0.9;2.1;0;8;181;41
Diciembre;11.9;16.6;7.3;99;74;7.5;0;0.8;3;0.5;8.4;154;41
Año;19.2;25.4;13;539;59;50.5;0;9.1;18.7;3.2;129;;41
Enero;3.2;7.7;-1.3;37;77;7.1;5;0;4;19.7;4.8;138;42
Febrero;4.3;9.6;-1;36;71;6.4;5.1;0.1;1.9;17.1;4.6;158;42
Marzo;7.1;13.2;1;30;63;5.8;3;0.3;1;12;5.1;202;42
Abril;8.7;14.6;2.8;55;64;8.6;2.5;1.3;1;5.9;2.8;208;42
Mayo;12.5;18.7;6.2;67;63;9.6;0.4;4.4;1.1;0.8;2;244;42
Junio;17.2;24.6;9.9;40;56;5.6;0.1;4.4;0.6;0.1;4.7;293;42
Julio;20.5;28.7;12.4;30;50;3.7;0;4.1;0.1;0;9;339;42
Agosto;20.3;28.3;12.2;30;52;3.8;0;4.4;0.2;0;7.4;313;42
Septiembre;16.4;23.6;9.3;33;60;5.2;0;2.9;0.9;0.1;5.4;233;42
Octubre;11.6;17.4;5.8;55;70;7.7;0.1;0.7;2.1;1.5;3.6;180;42
Noviembre;6.7;11.5;1.9;50;75;7.6;2.1;0.1;2.7;9.2;4.9;143;42
Diciembre;4;8.4;-0.4;50;78;7.7;3.9;0.1;4.7;17.4;5.3;126;42
Año;11;17.2;4.9;512;65;78.8;21.4;23.2;20.3;83.3;60.6;2571;42
Enero;9;14.1;3.9;29;70;4;0.2;0.2;0.3;5.7;7.2;157;43
Febrero;9.7;14.9;4.5;28;68;3.5;0.1;0.1;1.3;2.9;5.4;162;43
Marzo;11.9;17.1;6.6;28;67;3.8;0.1;0.3;1.9;0.8;6;197;43
Abril;13.8;19;8.6;37;66;5;0;0.5;0.8;0;3.9;222;43
Mayo;17.2;22.2;12.1;54;66;5.4;0;1.5;0.4;0;4.2;251;43
Junio;21.2;26.3;16.1;25;63;3.1;0;1.4;0.2;0;6.3;274;43
Julio;24.2;29.3;19.1;15;63;2;0;1.3;0.1;0;9.4;306;43
Agosto;24.6;29.4;19.7;42;66;3.6;0;2.6;0.2;0;6.2;265;43
Septiembre;21.5;26.3;16.6;77;70;5.1;0;3.1;0.2;0;4.8;209;43
Octubre;17.5;22.3;12.7;75;73;6;0;1.9;0.4;0;3.9;182;43
Noviembre;12.6;17.5;7.6;53;72;4.4;0;0.6;0.3;1.3;5.4;157;43
Diciembre;9.7;14.6;4.7;36;72;4.1;0;0.3;0.7;3.6;5.7;145;43
Año;16.1;21.1;11.1;500;68;49.8;0.4;13.9;6.7;12.5;68.3;;43
Enero;3.7;9.7;-2.3;19;76;3.7;2.5;0;3.8;21.9;;;44
Febrero;5.3;12.1;-1.6;15;68;3;2.6;0;2.3;19.4;5.7;;44
Marzo;8.2;15.7;0.8;21;63;3.8;1.9;0.4;1.4;13.2;6.8;;44
Abril;9.9;17;2.8;39;62;6.3;1.5;0.6;1;6.6;3.3;218;44
Mayo;14.3;21.8;6.8;57;61;7.6;0.2;3.2;1;0.5;3.1;;44
Junio;18.7;27;10.5;46;57;6.1;0;4.3;0.8;0;;;44
Julio;22.2;31.3;13;26;52;2.7;0;4.2;0.4;0;;;44
Agosto;22;30.7;13.2;34;56;3.8;0;5.3;0.9;0;;;44
Septiembre;17.6;25.3;9.9;36;63;5.1;0;3.4;2.4;0;5.9;231;44
Octubre;12.7;19.3;6;47;71;6.6;0;1.2;4;1.4;4.6;;44
Noviembre;7.2;13.4;0.9;22;74;4.3;0.9;0.1;3.7;13.2;;;44
Diciembre;4.2;9.9;-1.4;19;78;4.5;1.7;0.1;3.7;19.4;;;44
Año;12.2;19.4;4.9;378;65;57.4;11.2;22.2;24;94.9;;;44
Enero;6.4;11.5;1.3;26;76;4.9;0.6;0.1;7.5;12.7;7;151;45
Febrero;8.3;14;2.6;25;69;4.7;0.5;0.2;4;6.9;6.5;172;45
Marzo;11.6;18.1;5;23;59;3.9;0.3;0.3;1.3;2.3;7.4;228;45
Abril;13.5;19.9;7.2;39;58;6.4;0.1;1;0.9;0.3;5.6;249;45
Mayo;17.6;24.2;11;44;54;6.4;0;3.4;0.8;0;4.7;286;45
Junio;23.2;30.5;15.9;24;45;2.9;0;2.9;0.1;0;10.3;337;45
Julio;26.8;34.6;18.9;7;39;1;0;1.5;0;0;18.5;382;45
Agosto;26.3;34;18.6;9;41;1.5;0;2.1;0;0;15.1;351;45
Septiembre;22;29;14.9;18;51;2.9;0;1.8;0.4;0;9.5;260;45
Octubre;16.1;22.1;10.2;48;66;6.8;0;1;2.1;0;6;210;45
Noviembre;10.5;15.6;5.3;39;74;5.9;0.1;0.2;6.6;3.3;5.8;157;45
Diciembre;7.1;11.6;2.5;41;79;6.3;0.2;0;7.9;9.8;6;126;45
Año;15.8;22.1;9.5;342;59;53.8;1.8;14.3;31.8;35.5;101.5;2922;45
Enero;10.5;15.8;5.1;37;66;4;0.2;0.3;0.6;2.3;8.4;176;46
Febrero;11.4;16.8;5.9;34;65;3.8;0;0.2;1.3;1.2;6.6;172;46
Marzo;13.6;19.3;7.8;30;61;3.3;0;0.1;0.8;0.4;6.7;220;46
Abril;15.5;21.1;10;40;59;4.7;0;1.1;0.4;0;5.1;238;46
Mayo;18.7;24.1;13.4;38;60;4.5;0;1.9;0.3;0;5.4;268;46
Junio;22.7;27.8;17.5;18;59;2.6;0;2;0.2;0;9;294;46
Julio;25.5;30.6;20.5;12;61;1.1;0;1.7;0.1;0;13.3;328;46
Agosto;25.9;30.8;20.9;16;63;2;0;2.3;0.1;0;10;292;46
Septiembre;23;28;18;63;65;4.8;0;3.1;0.1;0;6.6;236;46
Octubre;19;24.1;13.9;72;67;4.7;0;1.8;0.4;0;5.1;207;46
Noviembre;14.2;19.3;9.2;51;67;4.1;0;0.6;0.1;0.1;6.1;168;46
Diciembre;11.2;16.2;6.1;48;67;4.4;0;0.2;0.6;1.8;7.8;160;46
Año;17.6;22.8;12.4;461;63;43.9;0.2;15.5;5.1;4.9;92.5;;46
Enero;3.3;7.5;-0.9;36;86;6.4;2.5;0.1;10.8;19.6;3.6;118;47
Febrero;4.9;10.3;-0.4;26;76;5.4;2.4;0;5;16.5;4;158;47
Marzo;7.8;14;1.5;23;66;4.9;0.6;0.1;2.8;11;6.6;205;47
Abril;9.3;15.5;3;43;66;7.6;0.8;1.2;1.5;6.3;4.4;227;47
Mayo;12.8;19.4;6.2;53;64;8;0.1;3.3;1.9;1.5;3.9;274;47
Junio;17.6;25.3;9.9;30;56;4.6;0;3.1;0.7;0;8.3;323;47
Julio;20.6;29.1;12.1;15;48;2.2;0;2.6;0.3;0;13.7;368;47
Agosto;20.5;28.6;12.4;21;51;2.6;0;2.4;0.4;0;11.9;342;47
Septiembre;17.2;24.4;10.1;32;60;4.5;0;1.7;1.2;0;8;242;47
Octubre;12.2;17.9;6.5;52;74;7.5;0;0.6;3.8;1.1;4.7;191;47
Noviembre;7.1;11.8;2.3;51;83;7.2;0.9;0.1;7.4;9.1;3.3;133;47
Diciembre;4.1;8.2;0.1;53;87;7.7;1.2;0.1;9.4;15.6;4;103;47
Año;11.5;17.6;5.2;435;68;68.5;9;15.2;45.2;80.6;76.3;;47
Enero;9.3;13.4;5.1;120;72;12.6;0.7;1.3;1.2;3.2;2.6;85;48
Febrero;9.7;14.3;5.1;86;69;10.6;0.7;1.2;1.9;2.1;2.7;97;48
Marzo;11.5;16.5;6.4;90;68;10.5;0.3;1;1.6;1;2.6;132;48
Abril;12.6;17.6;7.6;107;69;12.5;0;2.5;2;0.1;1.8;138;48
Mayo;15.7;20.8;10.6;78;69;10.5;0;3.1;1.6;0;2.1;169;48
Junio;18.4;23.4;13.4;60;70;7.2;0;2.6;1.2;0;3;180;48
Julio;20.4;25.4;15.4;50;71;7;0;2.8;1.1;0;3.9;186;48
Agosto;20.9;26;15.7;76;72;7.9;0;3.1;1.8;0;3.4;179;48
Septiembre;19.2;24.6;13.8;73;71;8.3;0;2.1;3;0;3.8;160;48
Octubre;16.4;21.4;11.4;111;71;10.8;0;1.4;2.5;0;2.7;126;48
Noviembre;12.4;16.6;8.1;147;73;12.7;0.1;1.6;1.8;0.8;2.6;88;48
Diciembre;9.9;13.9;5.9;122;72;12.3;0.3;0.9;1.7;2.9;2.8;78;48
Año;14.7;19.5;9.9;1134;70;124;2.2;23.7;21.5;9.6;33.6;1610;48
Enero;4.6;8.3;0.9;32;82;6.1;1.1;0.1;9.1;14.4;4.7;97;49
Febrero;6.4;11.4;1.3;25;73;5.1;1.2;0;3.3;11.2;5.2;144;49
Marzo;9.5;15.5;3.5;22;63;5;0.2;0.2;1;5;6;201;49
Abril;11.2;17.1;5.3;39;62;7.2;0.2;0.6;0.4;1.2;5.2;224;49
Mayo;15;21.2;8.7;43;58;7.4;0;2.8;0.2;0;5;264;49
Junio;19.8;27;12.6;23;51;3.8;0;2;0.1;0;9.6;318;49
Julio;22.7;30.4;14.9;12;47;2;0;2;0;0;15;354;49
Agosto;22.3;29.8;14.8;13;50;2.4;0;2;0;0;13.9;322;49
Septiembre;18.8;25.5;12;28;57;4.2;0;1.4;0.3;0;9.7;241;49
Octubre;13.6;19;8.3;50;69;6.9;0;0.4;2.3;0.1;5;175;49
Noviembre;8.4;12.7;4.1;45;78;7.1;0.2;0.1;5.9;5.2;5.3;113;49
Diciembre;5.5;9.2;1.8;46;82;7;0.8;0.1;7;11;4.9;87;49
Año;13.1;18.9;7.4;379;64;64.2;3.4;11.7;29.6;48.3;;2532;49
Enero;6.6;10.5;2.7;21;75;4;0.7;0;6.5;7.6;4.6;131;50
Febrero;8.2;13.1;3.3;22;67;3.9;0.4;0.1;2.9;5.2;5.1;165;50
Marzo;11.6;17.3;5.8;19;59;3.7;0.2;0.3;0.4;1.4;6.7;217;50
Abril;13.8;19.6;7.9;39;57;5.7;0;1.4;0.2;0.1;4.6;226;50
Mayo;18;24.1;11.8;44;54;6.4;0;4.1;0.3;0;4.5;274;50
Junio;22.6;29.3;15.8;26;49;4;0;3.9;0.1;0;8.2;307;50
Julio;25.3;32.4;18.3;17;47;2.6;0;3.8;0;0;14.6;348;50
Agosto;25;31.7;18.3;17;51;2.3;0;3.7;0;0;10.9;315;50
Septiembre;21.2;27.1;15.2;30;57;3.2;0;2.8;0.2;0;8;243;50
Octubre;16.2;21.4;11;36;67;5.4;0;1;1;0;5.4;195;50
Noviembre;10.6;14.8;6.3;30;73;5.1;0.1;0.1;3.9;1.9;4;148;50
Diciembre;7;10.8;3.2;21;76;4.8;0.5;0.1;7.1;6.5;4.3;124;50
Año;15.5;21;10;322;61;51.1;2.4;21.3;22.5;23.1;81.6;;50
Enero;13.4;15.8;11;122;72;8;;;;0;;;51
Febrero;13.7;15.9;11.4;145;75;9;;;;0;;;51
Marzo;14.8;17.4;12.2;90;68;6;;;;0;;;51
Abril;16.4;19.1;13.6;57;71;6;;;;0;;;51
Mayo;18.8;21.9;15.7;21;66;4;;;;0;;;51
Junio;22.3;25.7;18.8;3;67;1;;;;0;;;51
Julio;24.9;28.9;20.9;1;61;0;;;;0;;;51
Agosto;25;28.5;21.5;3;70;0;;;;0;;;51
Septiembre;22.8;25.8;19.8;37;72;2;;;;0;;;51
Octubre;20.2;22.8;17.5;82;75;7;;;;0;;;51
Noviembre;16.4;18.8;14;127;73;7;;;;0;;;51
Diciembre;14.3;16.4;12.1;161;73;10;;;;0;;;51
Año;18.5;21.4;15.7;70;70;5;;;;;;;51
Enero;13.3;16.7;9.9;58;72;6.3;0.1;1.4;0.2;0;6.3;184;52
Febrero;13.8;17;10.6;57;74;5.5;0;1.4;0.6;0;4.7;170;52
Marzo;15.2;18.5;11.9;44;73;4.6;0;1.1;1.1;0;5.6;192;52
Abril;16.6;20.1;13.2;36;69;4.6;0;1.1;0.5;0;5.7;220;52
Mayo;19.1;22.5;15.7;20;67;2.8;0;0.9;0.2;0;5.4;258;52
Junio;22.4;25.8;19;7;67;0.7;0;1;0.4;0;9.4;279;52
Julio;25.3;28.9;21.7;1;66;0.3;0;0.8;0.3;0;11.5;289;52
Agosto;25.9;29.4;22.4;4;69;0.8;0;1.1;0.2;0;10.3;268;52
Septiembre;23.8;27.1;20.5;16;72;2.2;0;1.6;0.1;0;5.7;210;52
Octubre;20.4;23.7;17.2;40;75;3.9;0;1.2;0.5;0;4.6;194;52
Noviembre;17;20.3;13.7;57;74;5.8;0;1.3;0.3;0;4.1;176;52
Diciembre;14.6;17.8;11.2;50;73;5.7;0;0.9;0.3;0;5.1;168;52
Año;18.9;22.3;15.6;391;71;43.7;0.1;13.5;4.7;0;77.7;2607;52
